<?xml version="1.0" encoding="UTF-8"?>
<!--
  * Copyright (c) 2009 eXtensible Catalog Organization
  *
  * This program is free software; you can redistribute it and/or modify it under the terms of the MIT/X11 license. The text of the
  * license can be found at http://www.opensource.org/licenses/mit-license.php and copy of the license can be found on the project
  * website http://www.extensiblecatalog.org/.
  *
  -->
  
<beans xmlns="http://www.springframework.org/schema/beans"
       xmlns:xsi="http://www.w3.org/2001/XMLSchema-instance"
       xmlns:context="http://www.springframework.org/schema/context"
       xsi:schemaLocation="http://www.springframework.org/schema/beans
           http://www.springframework.org/schema/beans/spring-beans-3.0.xsd
           http://www.springframework.org/schema/context
           http://www.springframework.org/schema/context/spring-context-3.0.xsd"
		default-init-method="init">

	<bean name="MetadataServiceMSTConfiguration" class="xc.mst.utils.MSTConfiguration" scope="singleton">
		<property name="locations">
			<list>
				<value>classpath:default.properties</value>
				<value>classpath:env.properties</value>
				<value>classpath:install.properties</value>
				<value>classpath:xc/mst/services/spring.properties</value>
				<value>classpath:xc/mst/services/custom.properties</value>
			</list>
		</property>
		<property name="ignoreResourceNotFound" value="true" />
	</bean>

	<bean id="MetadataServiceDataSource" class="org.apache.commons.dbcp.BasicDataSource" destroy-method="close">
		<property name="driverClassName" value="com.mysql.jdbc.Driver"/>
		<!--  normalized.service.name is a normalized version of service.name - see MSTConfiguration.java -->
		<property name="url" value="${DatabaseUrl}/${normalized.service.name}?useUnicode=yes&amp;characterEncoding=UTF-8"/>
		<property name="username" value="${DatabaseUsername}"/>
		<property name="password" value="${DatabasePassword}"/>
		<property name="maxIdle" value="10" />
		<property name="minIdle" value="0" />
		<property name="maxActive" value="5" />
		<!--
		<property name="validationQuery" value="select 1" />
		<property name="testOnBorrow" value="true" />
		<property name="testWhileIdle" value="true" />
		<property name="testOnReturn" value="true" />
		 -->
	</bean>
	
	<bean id="MetadataServiceTransactionManager" class="org.springframework.jdbc.datasource.DataSourceTransactionManager">
		<property name="dataSource" ref="MetadataServiceDataSource"/>
	</bean>
	
	<context:component-scan base-package="xc.mst"
			use-default-filters="false"
			name-generator="xc.mst.spring.MSTBeanNameGenerator"
			scope-resolver="xc.mst.spring.MSTScopeMetadataResolver">
		<context:include-filter type="custom" expression="xc.mst.spring.DAOTypeFilter" />
	</context:component-scan>
	
	<context:component-scan base-package="xc.mst"
			use-default-filters="false"
			name-generator="xc.mst.spring.MSTBeanNameGenerator"
			scope-resolver="xc.mst.spring.MSTScopeMetadataResolver">
		<context:include-filter type="custom" expression="xc.mst.spring.ServiceTypeFilter" />
	</context:component-scan>
	
	<context:component-scan base-package="xc.mst"
			use-default-filters="false">
		<context:include-filter type="custom" expression="xc.mst.service.impl.test.TestTypeFilter" />
	</context:component-scan>
	
	<bean class="xc.mst.spring.MSTBeanPostProcessor"/>

	<import resource="spring-service-custom.xml"/>

	<bean id="Service" class="${service.classname}">
		<property name="repository" ref="Repository" />
	</bean>
	<alias name="Service" alias="MetadataService" />
		
</beans>